<?xml version="1.0" encoding="UTF-8"?>
<project-private xmlns="http://www.netbeans.org/ns/project-private/1">
    <editor-bookmarks xmlns="http://www.netbeans.org/ns/editor-bookmarks/2" lastBookmarkId="0"/>
    <open-files xmlns="http://www.netbeans.org/ns/projectui-open-files/2">
        <group>
            <file>file:/C:/Users/Omar/Documents/NetBeansProjects/MiddlefeastDes/src/middlefeastdes/gui/front/articles/FindArticleByIdController.java</file>
            <file>file:/C:/Users/Omar/Documents/NetBeansProjects/MiddlefeastDes/src/middlefeastdes/gui/front/articles/ShowAllArticlesController.java</file>
            <file>file:/C:/Users/Omar/Documents/NetBeansProjects/MiddlefeastDes/src/middlefeastdes/service/ArticleService.java</file>
            <file>file:/C:/Users/Omar/Documents/NetBeansProjects/MiddlefeastDes/src/middlefeastdes/entity/WishlistArticle.java</file>
            <file>file:/C:/Users/Omar/Documents/NetBeansProjects/MiddlefeastDes/src/middlefeastdes/entity/Article.java</file>
            <file>file:/C:/Users/Omar/Documents/NetBeansProjects/MiddlefeastDes/src/middlefeastdes/service/WishlistArticleService.java</file>
            <file>file:/C:/Users/Omar/Documents/NetBeansProjects/MiddlefeastDes/src/middlefeastdes/gui/front/wishlists/ConfirmDeleteFromWishlistController.java</file>
            <file>file:/C:/Users/Omar/Documents/NetBeansProjects/MiddlefeastDes/src/middlefeastdes/gui/front/wishlists/ShowAllWishlistsController.java</file>
            <file>file:/C:/Users/Omar/Documents/NetBeansProjects/MiddlefeastDes/src/middlefeastdes/entity/Course.java</file>
            <file>file:/C:/Users/Omar/Documents/NetBeansProjects/MiddlefeastDes/src/middlefeastdes/gui/back/AddCourseController.java</file>
            <file>file:/C:/Users/Omar/Documents/NetBeansProjects/MiddlefeastDes/src/middlefeastdes/service/UserService.java</file>
        </group>
    </open-files>
</project-private>
